

INSERT INTO `tbldausach` 
VALUES (1,'S001','Lạnh Lùng','Nhất Linh','1935',83000,28,NULL),
(2,'S002','Ngày Xưa Có Một Con Bò','Camilo Cruz','1990',102000,50,NULL),
(3,'S003','Đề Thi Đẫm Máu','Lôi Mễ','1999',72000,50,NULL),
(4,'S004','999 Lá Thư Gửi Cho Chính Mình',' Miêu Công Tử','1990',202000,50,NULL),
(5,'S005','Trứng chim cúc cu này thuộc về ai?','Higashino Keigo','1980',108000,40,NULL),
(6,'S006','Không Còn Là Con Người','Izumi Kurosawa','1970',52000,80,NULL),
(7,'S007','Ngày Đòi Nợ','Phil Town','1998',202000,110,NULL),
(8,'S008','Tôi tự học','Nguyễn Duy Cần','1995',72000,40,NULL),
(9,'S009','Cà phê cùng Tony','Cruz','2018',102000,50,NULL),
(10,'S010','Thư Viện Nửa Đêm','Camilo Chase','2016',68000,50,NULL),
(11,'S011','Hiệu Ứng Lan Truyền','Jonah Berger','2013',107000,100,NULL),
(12,'S012','Châm Cứu Học','Hoàng Bảo Châu','2015',100000,60,NULL),
(13,'S013','Covid Operation','Pamela A','2020',60000,50,NULL),
(14,'S014','Làm Thế Nào Để Sống Vui',' Georges Ohsawa','1999',65000,70,NULL),
(15,'S015','Lãnh Đạo Bán Hàng Chuyên Nghiệp','Eith Rosen','1980',122000,30,NULL),
(16,'S016','Giấc Mơ Hóa Rồng','Huỳnh Bửu Sơn','2005',175000,50,NULL),
(17,'S017','Đề Thi Cuộc Sống','Lôi Mễ','1999',72000,50,NULL),
(18,'S018','999 Câu Nói Đến Chính Mình',' Miêu Tử','1980',202000,50,NULL),
(19,'S019','Quà tặng cuộc sống','Higashino Keigo','1980',108000,40,NULL),
(20,'S020','Không gì là không thể','Izumi Kurosawa','1980',52000,80,NULL),
(21,'S021','Ngày 13 Tháng 12','Philip Nguyễn','1998',200000,110,NULL),
(22,'S022','Tôi có thể','Nguyễn Duy Cần','1995',72000,40,NULL),
(23,'S023','Sống cùng Tony','Cruz','2018',102000,50,NULL),
(24,'S024','Thư Viện Cuộc Sống','Camilo Chase','2016',68000,50,NULL),
(25,'S025','Hiệu Ứng Nhân Đôi','Jonah Berger','2013',107000,100,NULL),
(26,'S026','Lịch sử Học','Hoàng Bảo Châu','2015',100000,60,NULL),
(27,'S027','Covid','Pamela A','2021',60000,50,NULL),
(28,'S028','Làm Thế Nào Để Tốt Hơn',' Georges Ohsawa','1999',65000,70,NULL),
(29,'S029','Lãnh Đạo Bán Hàng','Eith Rosen','1990',122000,30,NULL),
(30,'S030','Giấc Mơ Cuộc Sống','Huỳnh Bửu Sơn','2009',175000,50,NULL);


--
-- Dumping data for table `tbldiachi`
--


INSERT INTO `tbldiachi` VALUES 
-- (1,'Số 62 ','Hoàng Ngọc','Dịch Vọng Hậu','Duy Tân','Cầu Giấy','Hà Nội'),
-- (2,'Số 50','Xuân Thủy','Dịch Vọng Hậu','Duy Tân','Cầu Giấy','Hà Nội'),
-- (3,'Sô 66','FLC Building','Hoàng Ngọc','Ngọc Khánh','Ba Đình','Hà Nội'),
-- (4,'Số 110 ','Sông Đà','Trần Phú','Mộ Lao','Hà Đông','Hà Nội'),
(5,'Số 1 ',NULL,'Kim Mã','Kim Mã','Ba Đình','Hà Nội'),
(6,'Số 2 ',NULL,'Tôn Thất Thuyết','Mỹ Đình 2','Từ Liêm','Hà Nội'),
(7,'Số 8 ',NULL,'Quan Nhân','Nhân Chính','Thanh Xuân','Hà Nội'),
(8,'Số 88 ',NULL,'Võ Chí Công','Võ Chí Công','Tây Hồ','Hà Nội'),
(9,'Số 118 ',NULL,'Nguyễn Khánh Toàn','Quan Hoa','Cầu Giấy','Hà Nội'),
(10,'Số 103 ',NULL,'Trần Duy Hưng','Trung Hòa','Cầu Giấy','Hà Nội'),
(11,'Số 22 ',NULL,'Tôn Thất Thuyết','Mỹ Đình 2','Từ Liêm','Hà Nội'),
(12,'Số 81 ',NULL,'Quan Nhân','Nhân Chính','Thanh Xuân','Hà Nội'),
(13,'Số 8 ',NULL,'Võ Chí Công','Võ Chí Công','Tây Hồ','Hà Nội'),
(14,'Số 117 ',NULL,'Nguyễn Khánh Toàn','Quan Hoa','cầu Giấy','Hà Nội'),
(15,'Số 19 ',NULL,'Trần Duy Hưng','Trung Hòa','cầu Giấy','Hà Nội'),
(16,'Số 2 ',NULL,'Tôn Thất Thuyết','Mỹ Đình 2','Từ Liêm','Hà Nội'),
(17,'Số 55 ',NULL,'Quan Nhân','Nhân Chính','Thanh Xuân','Hà Nội'),
(18,'Số 85 ',NULL,'Võ Chí Công','Võ Chí Công','Tây Hồ','Hà Nội'),
(19,'Số 217 ',NULL,'Nguyễn Khánh Toàn','Quan Hoa','cầu Giấy','Hà Nội'),
(20,'Số 197 ',NULL,'Trần Duy Hưng','Trung Hòa','cầu Giấy','Hà Nội'),
(21,'Số 257 ',NULL,'Tôn Thất Thuyết','Mỹ Đình 2','Từ Liêm','Hà Nội'),
(22,'Số 5 ',NULL,'Quan Nhân','Nhân Chính','Thanh Xuân','Hà Nội'),
(23,'Số 89 ',NULL,'Võ Chí Công','Võ Chí Công','Tây Hồ','Hà Nội'),
(24,'Số 275 ',NULL,'Nguyễn Khánh Toàn','Quan Hoa','cầu Giấy','Hà Nội'),
(25,'Số 193 ',NULL,'Trần Duy Hưng','Trung Hòa','cầu Giấy','Hà Nội');
/*!40000 ALTER TABLE `tbldiachi` ENABLE KEYS */;
UNLOCK TABLES;

--
-- Table structure for table `tblhoadonns`
--

DROP TABLE IF EXISTS `tblhoadonns`;
/*!40101 SET @saved_cs_client     = @@character_set_client */;
/*!50503 SET character_set_client = utf8mb4 */;
CREATE TABLE `tblhoadonns` (
  `id` int NOT NULL AUTO_INCREMENT,
  `ngaytao` date NOT NULL,
  `mota` varchar(255) DEFAULT NULL,
  `tblNhacungcapid` int NOT NULL,
  `tblNhanvienid` int NOT NULL,
  PRIMARY KEY (`id`),
  KEY `FKtblHoadonN211161` (`tblNhacungcapid`),
  KEY `FKtblHoadonN955925` (`tblNhanvienid`),
  CONSTRAINT `FKtblHoadonN211161` FOREIGN KEY (`tblNhacungcapid`) REFERENCES `tblnhacungcap` (`id`),
  CONSTRAINT `FKtblHoadonN955925` FOREIGN KEY (`tblNhanvienid`) REFERENCES `tblnhanvien` (`tblThanhvienid`)
) ENGINE=InnoDB DEFAULT CHARSET=utf8mb4 COLLATE=utf8mb4_0900_ai_ci;
/*!40101 SET character_set_client = @saved_cs_client */;

--
-- Dumping data for table `tblhoadonns`
--

LOCK TABLES `tblhoadonns` WRITE;
/*!40000 ALTER TABLE `tblhoadonns` DISABLE KEYS */;
/*!40000 ALTER TABLE `tblhoadonns` ENABLE KEYS */;
UNLOCK TABLES;

--
-- Table structure for table `tblnhacungcap`
--

DROP TABLE IF EXISTS `tblnhacungcap`;
/*!40101 SET @saved_cs_client     = @@character_set_client */;
/*!50503 SET character_set_client = utf8mb4 */;
CREATE TABLE `tblnhacungcap` (
  `id` int NOT NULL AUTO_INCREMENT,
  `ma` varchar(255) NOT NULL,
  `ten` varchar(255) NOT NULL,
  `sdt` varchar(255) NOT NULL,
  `email` varchar(255) NOT NULL,
  `mota` varchar(255) DEFAULT NULL,
  `tblDiachiid` int NOT NULL,
  PRIMARY KEY (`id`),
  UNIQUE KEY `ma` (`ma`),
  KEY `FKtblNhacung492897` (`tblDiachiid`),
  CONSTRAINT `FKtblNhacung492897` FOREIGN KEY (`tblDiachiid`) REFERENCES `tbldiachi` (`id`)
) ENGINE=InnoDB DEFAULT CHARSET=utf8mb4 COLLATE=utf8mb4_0900_ai_ci;
/*!40101 SET character_set_client = @saved_cs_client */;

--
-- Dumping data for table `tblnhacungcap`
--

LOCK TABLES `tblnhacungcap` WRITE;
/*!40000 ALTER TABLE `tblnhacungcap` DISABLE KEYS */;
/*!40000 ALTER TABLE `tblnhacungcap` ENABLE KEYS */;
UNLOCK TABLES;

--
-- Table structure for table `tblnhanvien`
--

DROP TABLE IF EXISTS `tblnhanvien`;
/*!40101 SET @saved_cs_client     = @@character_set_client */;
/*!50503 SET character_set_client = utf8mb4 */;
CREATE TABLE `tblnhanvien` (
  `maNV` varchar(255) NOT NULL,
  `tblThanhvienid` int NOT NULL,
  PRIMARY KEY (`tblThanhvienid`),
  UNIQUE KEY `maNV` (`maNV`),
  CONSTRAINT `FKtblNhanvie64254` FOREIGN KEY (`tblThanhvienid`) REFERENCES `tblthanhvien` (`id`)
) ENGINE=InnoDB DEFAULT CHARSET=utf8mb4 COLLATE=utf8mb4_0900_ai_ci;
/*!40101 SET character_set_client = @saved_cs_client */;

--
-- Dumping data for table `tblnhanvien`
--

LOCK TABLES `tblnhanvien` WRITE;
/*!40000 ALTER TABLE `tblnhanvien` DISABLE KEYS */;
INSERT INTO `tblnhanvien` VALUES ('NV1',1),('NV10',18),('NV2',3),('NV3',4),('NV4',5),('NV5',6),('NV6',8),('NV7',9),('NV8',10),('NV9',11);
/*!40000 ALTER TABLE `tblnhanvien` ENABLE KEYS */;
UNLOCK TABLES;

--
-- Table structure for table `tblphieumuon`
--

DROP TABLE IF EXISTS `tblphieumuon`;
/*!40101 SET @saved_cs_client     = @@character_set_client */;
/*!50503 SET character_set_client = utf8mb4 */;
CREATE TABLE `tblphieumuon` (
  `id` int NOT NULL AUTO_INCREMENT,
  `mavachPhieumuon` varchar(255) NOT NULL,
  `mota` varchar(255) DEFAULT NULL,
  `tblThebandocid` int NOT NULL,
  `tblNhanvienid` int NOT NULL,
  PRIMARY KEY (`id`),
  UNIQUE KEY `mavachPhieumuon` (`mavachPhieumuon`),
  KEY `FKtblPhieumu690328` (`tblThebandocid`),
  KEY `FKtblPhieumu451440` (`tblNhanvienid`),
  CONSTRAINT `FKtblPhieumu451440` FOREIGN KEY (`tblNhanvienid`) REFERENCES `tblnhanvien` (`tblThanhvienid`),
  CONSTRAINT `FKtblPhieumu690328` FOREIGN KEY (`tblThebandocid`) REFERENCES `tblthebandoc` (`id`)
) ENGINE=InnoDB AUTO_INCREMENT=3 DEFAULT CHARSET=utf8mb4 COLLATE=utf8mb4_0900_ai_ci;
/*!40101 SET character_set_client = @saved_cs_client */;

--
-- Dumping data for table `tblphieumuon`
--

LOCK TABLES `tblphieumuon` WRITE;
/*!40000 ALTER TABLE `tblphieumuon` DISABLE KEYS */;
INSERT INTO `tblphieumuon` VALUES 
-- (1,'000001',NULL,2,1),
-- (2,'000002',NULL,3,1),
(3,'000003',NULL,1,1),
(4,'000004',NULL,2,1),
(5,'000005',NULL,3,1),
(6,'000006',NULL,1,1),
(7,'000007',NULL,4,1),
(8,'000008',NULL,5,1),
(9,'000009',NULL,6,1),
(10,'000010',NULL,7,1);
/*!40000 ALTER TABLE `tblphieumuon` ENABLE KEYS */;
UNLOCK TABLES;

--
-- Table structure for table `tblphieuphat`
--

DROP TABLE IF EXISTS `tblphieuphat`;
/*!40101 SET @saved_cs_client     = @@character_set_client */;
/*!50503 SET character_set_client = utf8mb4 */;
CREATE TABLE `tblphieuphat` (
  `id` int NOT NULL AUTO_INCREMENT,
  `mota` varchar(255) DEFAULT NULL,
  `tblThebandocid` int NOT NULL,
  `tblPhieumuonid` int NOT NULL,
  `tblNhanvienid` int NOT NULL,
  PRIMARY KEY (`id`),
  KEY `FKtblPhieuph766780` (`tblThebandocid`),
  KEY `FKtblPhieuph778352` (`tblPhieumuonid`),
  KEY `FKtblPhieuph527892` (`tblNhanvienid`),
  CONSTRAINT `FKtblPhieuph527892` FOREIGN KEY (`tblNhanvienid`) REFERENCES `tblnhanvien` (`tblThanhvienid`),
  CONSTRAINT `FKtblPhieuph766780` FOREIGN KEY (`tblThebandocid`) REFERENCES `tblthebandoc` (`id`),
  CONSTRAINT `FKtblPhieuph778352` FOREIGN KEY (`tblPhieumuonid`) REFERENCES `tblphieumuon` (`id`)
) ENGINE=InnoDB DEFAULT CHARSET=utf8mb4 COLLATE=utf8mb4_0900_ai_ci;
/*!40101 SET character_set_client = @saved_cs_client */;

--
-- Dumping data for table `tblphieuphat`
--

LOCK TABLES `tblphieuphat` WRITE;
/*!40000 ALTER TABLE `tblphieuphat` DISABLE KEYS */;
/*!40000 ALTER TABLE `tblphieuphat` ENABLE KEYS */;
UNLOCK TABLES;

--
-- Table structure for table `tblquanly`
--

DROP TABLE IF EXISTS `tblquanly`;
/*!40101 SET @saved_cs_client     = @@character_set_client */;
/*!50503 SET character_set_client = utf8mb4 */;
CREATE TABLE `tblquanly` (
  `maQL` varchar(255) NOT NULL,
  `tblThanhvienid` int NOT NULL,
  PRIMARY KEY (`tblThanhvienid`),
  UNIQUE KEY `maQL` (`maQL`),
  CONSTRAINT `FKtblQuanly879175` FOREIGN KEY (`tblThanhvienid`) REFERENCES `tblthanhvien` (`id`)
) ENGINE=InnoDB DEFAULT CHARSET=utf8mb4 COLLATE=utf8mb4_0900_ai_ci;
/*!40101 SET character_set_client = @saved_cs_client */;

--
-- Dumping data for table `tblquanly`
--

LOCK TABLES `tblquanly` WRITE;
/*!40000 ALTER TABLE `tblquanly` DISABLE KEYS */;
INSERT INTO `tblquanly` VALUES ('QL1',2),('QL2',7),('QL3',12),('QL4',13),('QL5',14),('QL6',15),('QL7',16),('QL8',17);
/*!40000 ALTER TABLE `tblquanly` ENABLE KEYS */;
UNLOCK TABLES;

--
-- Table structure for table `tblsach`
--

DROP TABLE IF EXISTS `tblsach`;
/*!40101 SET @saved_cs_client     = @@character_set_client */;
/*!50503 SET character_set_client = utf8mb4 */;
CREATE TABLE `tblsach` (
  `id` int NOT NULL AUTO_INCREMENT,
  `mavach` varchar(255) NOT NULL,
  `tblDausachid` int NOT NULL,
  PRIMARY KEY (`id`),
  UNIQUE KEY `mavach` (`mavach`),
  KEY `FKtblSach838483` (`tblDausachid`),
  CONSTRAINT `FKtblSach838483` FOREIGN KEY (`tblDausachid`) REFERENCES `tbldausach` (`id`)
) ENGINE=InnoDB AUTO_INCREMENT=31 DEFAULT CHARSET=utf8mb4 COLLATE=utf8mb4_0900_ai_ci;
/*!40101 SET character_set_client = @saved_cs_client */;

--
-- Dumping data for table `tblsach`
--

LOCK TABLES `tblsach` WRITE;
/*!40000 ALTER TABLE `tblsach` DISABLE KEYS */;
INSERT INTO `tblsach` (`mavach`, `tblDausachid`) VALUES 
('0010',1),('0011',1),('0012',1),('0013',1),('0014',1),('0015',1),('0016',1),('0017',1),('0018',1),('0019',1),
('0020',2),('0021',2),('0022',2),('0023',2),('0024',2),('0025',2),('0026',2),('0027',2),('0028',2),('0029',2),
('0030',3),('0031',3),('0032',3),('0033',3),('0034',3),('0035',3),('0036',3),('0037',3),('0038',3),('0039',3),
('0040',4),('0041',4),('0042',4),('0043',4),('0044',4),('0045',4),('0046',4),('0047',4),('0048',4),('0049',4),
('0050',5),('0051',5),('0052',5),('0053',5),('0054',5),('0055',5),('0056',5),('0057',5),('0058',5),('0059',5),
('0060',6),('0061',6),('0062',6),('0063',6),('0064',6),('0065',6),('0066',6),('0067',6),('0068',6),('0069',6),
('0070',7),('0071',7),('0072',7),('0073',7),('0074',7),('0075',7),('0076',7),('0077',7),('0078',7),('0079',7),
('0080',8),('0081',8),('0082',8),('0083',8),('0084',8),('0085',8),('0086',8),('0087',8),('0088',8),('0089',8),
('0090',9),('0091',9),('0092',9),('0093',9),('0094',9),('0095',9),('0096',9),('0097',9),('0098',9),('0099',9),
('0100',10),('0101',10),('0102',10),('0103',10),('0104',10),('0105',10),('0106',10),('0107',10),('0108',10),('0109',10),
('0110',11),('0111',11),('0112',11),('0113',11),('0114',11),('0115',11),('0116',11),('0117',11),('0118',11),('0119',11),
('0120',12),('0121',12),('0122',12),('0123',12),('0124',12),('0125',12),('0126',12),('0127',12),('0128',12),('0129',12),
('0130',13),('0131',13),('0132',13),('0133',13),('0134',13),('0135',13),('0136',13),('0137',13),('0138',13),('0139',13),
('0140',14),('0141',14),('0142',14),('0143',14),('0144',14),('0145',14),('0146',14),('0147',14),('0148',14),('0149',14),
('0150',15),('0151',15),('0152',15),('0153',15),('0154',15),('0155',15),('0156',15),('0157',15),('0158',15),('0159',15),
('0160',16),('0161',16),('0162',16),('0163',16),('0164',16),('0165',16),('0166',16),('0167',16),('0168',16),('0169',16),
('0170',17),('0171',17),('0172',17),('0173',17),('0174',17),('0175',17),('0176',17),('0177',17),('0178',17),('0179',17),
('0180',18),('0181',18),('0182',18),('0183',18),('0184',18),('0185',18),('0186',18),('0187',18),('0188',18),('0189',18),
('0190',19),('0191',19),('0192',19),('0193',19),('0194',19),('0195',19),('0196',19),('0197',19),('0198',19),('0199',19),
('0200',20),('0201',20),('0202',20),('0203',20),('0204',20),
('0210',21),('0211',21),('0212',21),('0213',21),('0214',21),
('0220',22),('0221',22),('0222',22),('0223',22),('0224',22),
('0230',23),('0231',23),('0232',23),('0233',23),('0234',23),
('0240',24),('0241',24),('0242',24),('0243',24),('0244',24),
('0250',25),('0251',25),('0252',25),('0253',25),('0254',25),
('0260',26),('0261',26),('0262',26),('0263',26),('0264',26),
('0270',27),('0271',27),('0272',27),('0273',27),('0274',27),
('0280',28),('0281',28),('0282',28),('0283',28),('0284',28),
('0290',29),('0291',29),('0292',29),('0293',29),('0294',29),
('0300',30),('0301',30),('0302',30),('0303',30),('0304',30);
/*!40000 ALTER TABLE `tblsach` ENABLE KEYS */;
UNLOCK TABLES;

--
-- Table structure for table `tblsachmuon`
--


--
-- Dumping data for table `tblsachmuon`
--

LOCK TABLES `tblsachmuon` WRITE;
/*!40000 ALTER TABLE `tblsachmuon` DISABLE KEYS */;
INSERT INTO `tblsachmuon` VALUES 
--  (`ngaymuon`, `ngayphaitra`, `trangthai`, `tblPhieumuonid`, `tblSachid`) 
(1,'2022-10-30','2022-11-30',1,'2022-11-22',NULL,1,NULL,1),
(2,'2022-10-30','2022-11-30',0,NULL,NULL,1,NULL,2),
(3,'2022-10-30','2022-11-30',0,NULL,NULL,1,NULL,3),
(4,'2022-10-30','2022-11-30',0,NULL,NULL,1,NULL,4),
(5,'2022-10-30','2022-11-30',0,NULL,NULL,1,NULL,5);
/*!40000 ALTER TABLE `tblsachmuon` ENABLE KEYS */;
UNLOCK TABLES;

--
-- Table structure for table `tblthanhvien`
--


LOCK TABLES `tblthanhvien` WRITE;
/*!40000 ALTER TABLE `tblthanhvien` DISABLE KEYS */;
INSERT INTO `tblthanhvien` VALUES 
(1,'admin','admin','Nguyễn Quang','Liêm','2000-08-03','quangliem301@gmail.com','0961863173','nhanvien',1),
(2,'abc','123','Trần Văn','Phong','1999-02-02','phongtran12@gmail.com','0869791460','quanly',2),
(3,'hanguyen','admin','Nguyễn Thị','Hà','2000-07-12','hanguyen301@gmail.com','0961863173','nhanvien',3),
(4,'adminhoa','admin','Nguyễn Thị','Hoa','2000-11-03','quahoa01@gmail.com','0961868173','nhanvien',2),
(5,'hang12','admin','Nguyễn Thanh','Hằng','2000-08-03','qhang12@gmail.com','0961863177','nhanvien',4),
(6,'admphong','admin','Nguyễn Quốc','Phong','2000-08-23','quangphong01@gmail.com','0961863553','nhanvien',5),
(7,'anhpham121','admin','Trần Quang','Anh','2000-07-03','quanganh301@gmail.com','0961863188','quanly',6),
(8,'hungevo20','admin','Lê Quang','Hùng','2000-08-03','quanghung301@gmail.com','0961863777','nhanvien',7),
(9,'linhpham97','admin','Phạm Quang','Linh','2000-05-03','quanglinh301@gmail.com','096186771','nhanvien',8),
(10,'longaa','admin','Hoàng Quang','Long','2000-08-03','quanglong01@gmail.com','0961863199','nhanvien',9),
(11,'hanguyen12','admin','Nguyễn Thị','Hà','2000-08-12','hanguyen3012@gmail.com','0961863173','nhanvien',3),
(12,'adminhoa12','admin','Nguyễn Thị','Hoa','2000-01-03','quahoa012@gmail.com','0961868173','quanly',10),
(13,'hang1212','admin','Nguyễn Thanh','Hằng','2000-08-13','qhang122@gmail.com','0961863177','quanly',4),
(14,'admphong12','admin','Nguyễn Quốc','Phong','2000-08-23','quangphong012@gmail.com','0961863553','quanly',5),
(15,'anhpham12112','admin','Trần Quang','Anh','2000-07-13','quanganh3012@gmail.com','0961863188','quanly',6),
(16,'hungevo2012','admin','Lê Quang','Hùng','2000-08-13','quanghung3012@gmail.com','0961863777','quanly',7),
(17,'linhpham9712','admin','Phạm Quang','Linh','2000-01-03','quanglinh3012@gmail.com','096186771','quanly',8),
(18,'longaa12','admin','Hoàng Quang','Long','2000-01-03','quanglong012@gmail.com','0961863199','nhanvien',9);
/*!40000 ALTER TABLE `tblthanhvien` ENABLE KEYS */;
UNLOCK TABLES;

--
-- Table structure for table `tblthebandoc`
--


--
-- Dumping data for table `tblthebandoc`
--

LOCK TABLES `tblthebandoc` WRITE;
/*!40000 ALTER TABLE `tblthebandoc` DISABLE KEYS */;
INSERT INTO `tblthebandoc` VALUES 
(1,'BD001','Nguyễn Văn','Hùng','1990-08-20','0986747136','00001',5),
(2,'BD002','Nguyễn Văn','Quang','1999-08-29','0986747000','00002',8),
(3,'BD003','Phạm Thị','Linh','1998-02-02','0917199724','00003',20),
(4,'BD004','Phùng Quang','Đông','2002-02-08','0917199712','00004',21),
(5,'BD005','Triệu Thị','Linh','1998-02-02','0917199722','00005',20),
(6,'BD006','Phạm Quang','Đông','2002-02-08','0917199710','00006',21),
(7,'BD007','Lê Thanh','Đông','2004-02-08','0317199744','00007',11),
(8,'BD008','Lê Thanh','Đông','2000-02-08','0317199744','00008',3),
(9,'BD009','Phạm Thanh','Thanh','2001-02-08','0317199444','00009',1),
(10,'BD010','Lê Thành','Tiến','2004-08-28','0317199111','00010',15),
(11,'BD011','Lê Thanh','Thu','2005-12-08','03171997789','00011',2),
(12,'BD012','Trần Thị','Thảo','2001-12-18','0317199256','00012',4),
(13,'BD013','Lê Thanh','Nhật','2002-02-08','0317199778','00013',6),
(14,'BD014','Trần Thanh','Thư','2001-02-08','0317199254','00014',5),
(15,'BD015','Hoàng Thanh','Long','2004-12-08','0317199236','00015',7),
(16,'BD016','Lê Thu','Khánh','2001-05-08','0317199710','00016',8),
(17,'BD017','Phạm Thanh','Hưng','2004-04-08','0317199725','00017',9),
(18,'BD018','Lê Thanh','Tân','2000-02-18','0317194524','00018',10),
(19,'BD019','Lê Thư','Tâm','2004-02-07','0317122744','00019',14),
(20,'BD020','Phạm Quốc','Hùng','2005-02-03','0317144744','00020',16),
(21,'BD021','Lý Văn','Quý','2000-02-08','0317199700','00021',18),
(22,'BD022','Lê Văn','Trường','2004-02-07','0317199782','00022',21),
(23,'BD023','Nguyễn Thanh','Hoàn','2000-02-18','0317192594','00023',17);
